-- phpMyAdmin SQL Dump
-- version 4.8.2
-- https://www.phpmyadmin.net/
--
-- Host: 127.0.0.1
-- Generation Time: 15-Nov-2018 às 23:53
-- Versão do servidor: 10.1.34-MariaDB
-- PHP Version: 5.6.37

SET SQL_MODE = "NO_AUTO_VALUE_ON_ZERO";
SET AUTOCOMMIT = 0;
START TRANSACTION;
SET time_zone = "+00:00";


/*!40101 SET @OLD_CHARACTER_SET_CLIENT=@@CHARACTER_SET_CLIENT */;
/*!40101 SET @OLD_CHARACTER_SET_RESULTS=@@CHARACTER_SET_RESULTS */;
/*!40101 SET @OLD_COLLATION_CONNECTION=@@COLLATION_CONNECTION */;
/*!40101 SET NAMES utf8mb4 */;

--
-- Database: `locadora`
--

-- --------------------------------------------------------

--
-- Estrutura da tabela `aluguel`
--

CREATE TABLE `aluguel` (
  `idaluguel` int(11) NOT NULL,
  `iddvd` int(11) NOT NULL,
  `idcliente` int(11) NOT NULL,
  `hora_aluguel` varchar(10) NOT NULL,
  `data_aluguel` varchar(10) NOT NULL,
  `data_devolucao` varchar(10) NOT NULL
) ENGINE=InnoDB DEFAULT CHARSET=latin1;

--
-- Extraindo dados da tabela `aluguel`
--

INSERT INTO `aluguel` (`idaluguel`, `iddvd`, `idcliente`, `hora_aluguel`, `data_aluguel`, `data_devolucao`) VALUES
(1, 2, 2, '02:00', '', '13/11/2018'),
(2, 1, 3, '02:00', '', '22/11/2018');

-- --------------------------------------------------------

--
-- Estrutura da tabela `categoria`
--

CREATE TABLE `categoria` (
  `idcategoria` int(11) NOT NULL,
  `nome` varchar(45) NOT NULL
) ENGINE=InnoDB DEFAULT CHARSET=latin1;

--
-- Extraindo dados da tabela `categoria`
--

INSERT INTO `categoria` (`idcategoria`, `nome`) VALUES
(1, 'filme acão'),
(2, 'Romantico'),
(3, 'Comedia');

-- --------------------------------------------------------

--
-- Estrutura da tabela `classificacao`
--

CREATE TABLE `classificacao` (
  `idclassificacao` int(11) NOT NULL,
  `nome` varchar(20) NOT NULL,
  `preco` varchar(30) NOT NULL
) ENGINE=InnoDB DEFAULT CHARSET=latin1;

--
-- Extraindo dados da tabela `classificacao`
--

INSERT INTO `classificacao` (`idclassificacao`, `nome`, `preco`) VALUES
(1, 'primeiro alo', '80'),
(2, 'segundo', '20'),
(5, 'TESTE', '8.1');

-- --------------------------------------------------------

--
-- Estrutura da tabela `cliente`
--

CREATE TABLE `cliente` (
  `idcliente` int(11) NOT NULL,
  `nome` varchar(100) NOT NULL,
  `data_nasc` varchar(10) NOT NULL,
  `rg` varchar(20) DEFAULT NULL,
  `cpf` varchar(20) DEFAULT NULL,
  `email` varchar(80) DEFAULT NULL,
  `telefone` varchar(20) NOT NULL,
  `bairro` varchar(45) NOT NULL,
  `rua` varchar(45) NOT NULL,
  `numero` int(11) NOT NULL,
  `cep` varchar(20) DEFAULT NULL
) ENGINE=InnoDB DEFAULT CHARSET=latin1;

--
-- Extraindo dados da tabela `cliente`
--

INSERT INTO `cliente` (`idcliente`, `nome`, `data_nasc`, `rg`, `cpf`, `email`, `telefone`, `bairro`, `rua`, `numero`, `cep`) VALUES
(2, 'Raiane', '  /  /   ', '123456789', '111.222.333-44', 'raiane@raiane.com', '(88)99999-9999', '13 de maio', 'monsenhor', 760, '5999-2000'),
(3, 'ana', '09/87/654', '987654334567', '664.748.484-84', 'ana@43gmail.com', '(93)49030-8430', 'treze', 'posto saude', 54, '0829-1368');

-- --------------------------------------------------------

--
-- Estrutura da tabela `dvd`
--

CREATE TABLE `dvd` (
  `iddvd` int(11) NOT NULL,
  `idfilme` int(11) NOT NULL,
  `preco_compra` double DEFAULT NULL,
  `data_compra` varchar(10) DEFAULT NULL,
  `situacao` varchar(20) NOT NULL
) ENGINE=InnoDB DEFAULT CHARSET=latin1;

--
-- Extraindo dados da tabela `dvd`
--

INSERT INTO `dvd` (`iddvd`, `idfilme`, `preco_compra`, `data_compra`, `situacao`) VALUES
(1, 1, 23554, '4445555', 'Emprestado'),
(2, 2, 345, '98087', 'Emprestado');

-- --------------------------------------------------------

--
-- Estrutura da tabela `filme`
--

CREATE TABLE `filme` (
  `idfilme` int(11) NOT NULL,
  `titulo` varchar(100) NOT NULL,
  `ano` int(11) DEFAULT NULL,
  `duracao` varchar(10) DEFAULT NULL,
  `idcategoria` int(11) NOT NULL,
  `idclassificacao` int(11) NOT NULL,
  `capa` varchar(80) DEFAULT NULL
) ENGINE=InnoDB DEFAULT CHARSET=latin1;

--
-- Extraindo dados da tabela `filme`
--

INSERT INTO `filme` (`idfilme`, `titulo`, `ano`, `duracao`, `idcategoria`, `idclassificacao`, `capa`) VALUES
(1, 'joaozinho e maria', 2009, '2:00', 2, 1, '8cb3ce0d092036c1cb0293d1bccb441b.jpg'),
(2, 'carinho', 2001, '2:00', 1, 2, '8cb3ce0d092036c1cb0293d1bccb441b.jpg');

-- --------------------------------------------------------

--
-- Estrutura da tabela `funcionario`
--

CREATE TABLE `funcionario` (
  `idfuncionario` int(11) NOT NULL,
  `nome` varchar(100) NOT NULL,
  `login` varchar(45) NOT NULL,
  `senha` varchar(45) NOT NULL
) ENGINE=InnoDB DEFAULT CHARSET=latin1;

--
-- Extraindo dados da tabela `funcionario`
--

INSERT INTO `funcionario` (`idfuncionario`, `nome`, `login`, `senha`) VALUES
(1, 'raiane Nunes', 'ray', 'ray'),
(2, 'ana valeria', 'ana', 'ana');

--
-- Indexes for dumped tables
--

--
-- Indexes for table `aluguel`
--
ALTER TABLE `aluguel`
  ADD PRIMARY KEY (`idaluguel`),
  ADD KEY `idcliente` (`idcliente`),
  ADD KEY `iddvd` (`iddvd`);

--
-- Indexes for table `categoria`
--
ALTER TABLE `categoria`
  ADD PRIMARY KEY (`idcategoria`);

--
-- Indexes for table `classificacao`
--
ALTER TABLE `classificacao`
  ADD PRIMARY KEY (`idclassificacao`);

--
-- Indexes for table `cliente`
--
ALTER TABLE `cliente`
  ADD PRIMARY KEY (`idcliente`);

--
-- Indexes for table `dvd`
--
ALTER TABLE `dvd`
  ADD PRIMARY KEY (`iddvd`),
  ADD KEY `idfilme` (`idfilme`);

--
-- Indexes for table `filme`
--
ALTER TABLE `filme`
  ADD PRIMARY KEY (`idfilme`),
  ADD KEY `idcategoria` (`idcategoria`),
  ADD KEY `idclassificacao` (`idclassificacao`);

--
-- Indexes for table `funcionario`
--
ALTER TABLE `funcionario`
  ADD PRIMARY KEY (`idfuncionario`);

--
-- AUTO_INCREMENT for dumped tables
--

--
-- AUTO_INCREMENT for table `aluguel`
--
ALTER TABLE `aluguel`
  MODIFY `idaluguel` int(11) NOT NULL AUTO_INCREMENT, AUTO_INCREMENT=3;

--
-- AUTO_INCREMENT for table `categoria`
--
ALTER TABLE `categoria`
  MODIFY `idcategoria` int(11) NOT NULL AUTO_INCREMENT, AUTO_INCREMENT=4;

--
-- AUTO_INCREMENT for table `classificacao`
--
ALTER TABLE `classificacao`
  MODIFY `idclassificacao` int(11) NOT NULL AUTO_INCREMENT, AUTO_INCREMENT=6;

--
-- AUTO_INCREMENT for table `cliente`
--
ALTER TABLE `cliente`
  MODIFY `idcliente` int(11) NOT NULL AUTO_INCREMENT, AUTO_INCREMENT=4;

--
-- AUTO_INCREMENT for table `dvd`
--
ALTER TABLE `dvd`
  MODIFY `iddvd` int(11) NOT NULL AUTO_INCREMENT, AUTO_INCREMENT=3;

--
-- AUTO_INCREMENT for table `filme`
--
ALTER TABLE `filme`
  MODIFY `idfilme` int(11) NOT NULL AUTO_INCREMENT, AUTO_INCREMENT=3;

--
-- AUTO_INCREMENT for table `funcionario`
--
ALTER TABLE `funcionario`
  MODIFY `idfuncionario` int(11) NOT NULL AUTO_INCREMENT, AUTO_INCREMENT=3;

--
-- Constraints for dumped tables
--

--
-- Limitadores para a tabela `aluguel`
--
ALTER TABLE `aluguel`
  ADD CONSTRAINT `aluguel_ibfk_1` FOREIGN KEY (`idcliente`) REFERENCES `cliente` (`idcliente`),
  ADD CONSTRAINT `aluguel_ibfk_2` FOREIGN KEY (`iddvd`) REFERENCES `dvd` (`iddvd`);

--
-- Limitadores para a tabela `dvd`
--
ALTER TABLE `dvd`
  ADD CONSTRAINT `dvd_ibfk_1` FOREIGN KEY (`idfilme`) REFERENCES `filme` (`idfilme`);

--
-- Limitadores para a tabela `filme`
--
ALTER TABLE `filme`
  ADD CONSTRAINT `filme_ibfk_1` FOREIGN KEY (`idcategoria`) REFERENCES `categoria` (`idcategoria`),
  ADD CONSTRAINT `filme_ibfk_2` FOREIGN KEY (`idclassificacao`) REFERENCES `classificacao` (`idclassificacao`);
COMMIT;

/*!40101 SET CHARACTER_SET_CLIENT=@OLD_CHARACTER_SET_CLIENT */;
/*!40101 SET CHARACTER_SET_RESULTS=@OLD_CHARACTER_SET_RESULTS */;
/*!40101 SET COLLATION_CONNECTION=@OLD_COLLATION_CONNECTION */;
